customer_id,customer_name,total_sales
AA-10315,"Alex Avila",5563.56
AA-10375,"Allen Armold",1056.39
AA-10480,"Andrew Allen",1782.872
AA-10645,"Anna Andreadi",4455.895
AB-10015,"Aaron Bergman",886.156
AB-10060,"Adam Bellavance",7732.669999999999
AB-10105,"Adrian Barton",14355.610999999997
AB-10150,"Aimee Bixby",966.7099999999998
AB-10165,"Alan Barnes",1113.838
AB-10255,"Alejandro Ballentine",898.084
AB-10600,"Ann Blume",1515.862
AC-10420,"Alyssa Crouse",891.56
AC-10450,"Amy Cox",5527.8460000000005
AC-10615,"Ann Chong",2499.7560000000003
AC-10660,"Anna Chung",657.316
AD-10180,"Alan Dominguez",6100.999999999999
AF-10870,"Art Ferguson",2052.9080000000004
AF-10885,"Art Foster",861.5649999999999
AG-10270,"Alejandro Grove",2565.2579999999994
AG-10300,"Aleksandra Gannaway",349.26
AG-10330,"Alex Grayson",660.972
AG-10390,"Allen Goldenen",200.945
AG-10495,"Andrew Gjertsen",2338.679
AG-10525,"Andy Gerbode",1448.9419999999998
AG-10675,"Anna Gayman",3489.0395999999996
AG-10765,"Anthony Garverick",137.296
AG-10900,"Arthur Gainer",4510.7970000000005
AH-10030,"Aaron Hawkins",1744.6999999999998
AH-10075,"Adam Hart",3250.336999999999
AH-10120,"Adrian Hane",1735.5140000000001
AH-10195,"Alan Haines",1587.452
AH-10210,"Alan Hwang",4805.344
AH-10465,"Amy Hunt",2406.4316000000003
AH-10585,"Angele Hood",738.504
AH-10690,"Anna Häberlin",7888.294000000001
AI-10855,"Arianne Irving",4375.785999999999
AJ-10780,"Anthony Jacobs",4867.344
AJ-10795,"Anthony Johnson",4391.491
AJ-10945,"Ashley Jarboe",1839.2400000000002
AJ-10960,"Astrea Jones",629.2479999999999
AM-10360,"Alice McCarthy",814.0120000000001
AM-10705,"Anne McFarland",5653.861999999999
AO-10810,"Anthony O'Donnell",161.28
AP-10720,"Anne Pryor",1638.5539999999999
AP-10915,"Arthur Prichep",3323.556
AR-10345,"Alex Russell",1055.694
AR-10405,"Allen Rosenblatt",2236.128
AR-10510,"Andrew Roberts",264.86400000000003
AR-10540,"Andy Reiter",6608.448
AR-10570,"Anemone Ratner",88.15
AR-10825,"Anthony Rawles",4523.335999999999
AS-10045,"Aaron Smayling",3035.0320000000006
AS-10090,"Adam Shillingsburg",3255.3099999999995
AS-10135,"Adrian Shami",58.82
AS-10225,"Alan Schoenberger",4249
AS-10240,"Alan Shonely",574.24
AS-10285,"Alejandro Savely",3212.272
AS-10630,"Ann Steele",833.398
AT-10435,"Alyssa Tate",1171.8139999999999
AT-10735,"Annie Thurman",3831.8640000000005
AW-10840,"Anthony Witt",649.376
AW-10930,"Arthur Wiediger",2851.4440000000004
AY-10555,"Andy Yotov",497.01400000000007
AZ-10750,"Annie Zypern",1622.018
BB-10990,"Barry Blumstein",735.52
BB-11545,"Brenda Bowman",6765.727999999999
BC-11125,"Becky Castell",2933.6759999999995
BD-11320,"Bill Donatelli",5672.171
BD-11500,"Bradley Drucker",4408.2970000000005
BD-11560,"Brendan Dodson",320.53999999999996
BD-11605,"Brian Dahlen",3288.471
BD-11620,"Brian DeCherney",1538.1099999999997
BD-11635,"Brian Derr",582.646
BD-11725,"Bruce Degenhardt",1526.5
BD-11770,"Bryan Davis",658.466
BE-11335,"Bill Eplett",4204.6759999999995
BE-11410,"Bobby Elias",2261.438
BE-11455,"Brad Eason",1727.652
BF-10975,"Barbara Fisher",585.8080000000001
BF-11005,"Barry Franz",1333.88
BF-11020,"Barry Französisch",2865.786
BF-11080,"Bart Folk",272.95
BF-11170,"Ben Ferrer",5907.972
BF-11215,"Benjamin Farhat",1585.162
BF-11275,"Beth Fritzler",791.9899999999999
BG-11035,"Barry Gonzalez",2798.948
BG-11695,"Brooke Gillingham",1874.172
BG-11740,"Bruce Geld",1006.356
BH-11710,"Brosina Hoffman",6255.351000000001
BK-11260,"Berenike Kampe",659.138
BM-11140,"Becky Martin",11609.900000000001
BM-11575,"Brendan Murry",808.1619999999999
BM-11650,"Brian Moss",7283.817
BM-11785,"Bryan Mills",1335.896
BN-11470,"Brad Norvell",265.296
BN-11515,"Bradley Nguyen",1459.344
BO-11350,"Bill Overfelt",2586.08
BO-11425,"Bobby Odegard",130.83
BP-11050,"Barry Pond",961.1799999999998
BP-11095,"Bart Pistole",2399.54
BP-11155,"Becky Pak",1692.146
BP-11185,"Ben Peterman",3610.2929999999997
BP-11230,"Benjamin Patterson",1181.4900000000002
BP-11290,"Beth Paige",2383.7970000000005
BS-11365,"Bill Shonely",10501.652999999998
BS-11380,"Bill Stewart",3379.1299999999997
BS-11590,"Brendan Sweed",2454.9280000000003
BS-11665,"Brian Stugart",3288.11
BS-11755,"Bruce Stewart",2492.3500000000004
BS-11800,"Bryan Spruell",949.43
BT-11305,"Beth Thompson",2567.656
BT-11395,"Bill Tyler",2182.1940000000004
BT-11440,"Bobby Trafton",603.876
BT-11485,"Brad Thomas",415.19599999999997
BT-11530,"Bradley Talbott",2684.492
BT-11680,"Brian Thompson",3196.7520000000004
BV-11245,"Benjamin Venier",1523.2730000000001
BW-11065,"Barry Weirich",60.772
BW-11110,"Bart Watters",4750.357999999999
BW-11200,"Ben Wallace",1726.2300000000002
CA-11965,"Carol Adams",3789.7228
CA-12055,"Cathy Armstrong",1679.724
CA-12265,"Christina Anderson",2648.2871999999998
CA-12310,"Christine Abelman",1401.0739999999998
CA-12775,"Cynthia Arntzen",3041.5659999999993
CB-12025,"Cassandra Brandow",6028.226999999999
CB-12415,"Christy Brittain",1856.26
CB-12535,"Claudia Bergmann",4123.5154999999995
CC-12100,"Chad Cunningham",1765.23
CC-12145,"Charles Crestani",2471.6500000000005
CC-12220,"Chris Cortes",3902.522
CC-12370,"Christopher Conant",12129.072
CC-12430,"Chuck Clark",2870.0500000000006
CC-12475,"Cindy Chapman",1659.438
CC-12550,"Clay Cheatham",113.832
CC-12610,"Corey Catlett",2540.631
CC-12670,"Craig Carreira",2269.7015000000006
CC-12685,"Craig Carroll",2854.1150000000007
CD-11920,"Carlos Daly",2033.968
CD-11980,"Carol Darley",614.982
CD-12280,"Christina DeMoss",1104.184
CD-12790,"Cynthia Delaney",1860.732
CG-12040,"Catherine Glotzbach",847.6519999999999
CG-12520,"Claire Gute",1148.7800000000002
CH-12070,"Cathy Hwang",1537.2360000000003
CJ-11875,"Carl Jackson",16.52
CJ-12010,"Caroline Jumper",11079.742
CK-12205,"Chloris Kastensmidt",3154.855
CK-12325,"Christine Kargatis",2939.606
CK-12595,"Clytie Kelty",2372.7500000000005
CK-12760,"Cyma Kinney",1582.1090000000004
CL-11890,"Carl Ludwig",1098.43
CL-12565,"Clay Ludtke",10880.545999999998
CL-12700,"Craig Leslie",2353.586
CM-11815,"Candace McMahon",1673.8880000000001
CM-11935,"Carlos Meador",565.392
CM-12115,"Chad McGuire",1643.97
CM-12160,"Charles McCrossin",2533.314
CM-12190,"Charlotte Melton",1475.1440000000002
CM-12235,"Chris McAfee",2287.172
CM-12385,"Christopher Martinez",8954.02
CM-12445,"Chuck Magee",287.98999999999995
CM-12655,"Corinna Mitchell",6339.5576
CM-12715,"Craig Molinari",3984.4524
Co-12640,Corey-Lock,1300.076
CP-12085,"Cathy Prescott",5164.101999999999
CP-12340,"Christine Phan",5888.275000000001
CR-12580,"Clay Rozendal",2148.852
CR-12625,"Corey Roper",475.9
CR-12730,"Craig Reiter",1600.55
CR-12820,"Cyra Reiten",1380.8324
CS-11845,"Cari Sayre",1267.194
CS-11860,"Cari Schnelling",537.6320000000001
CS-11950,"Carlos Soltero",3027.7549999999997
CS-12130,"Chad Sievert",884.64
CS-12175,"Charles Sheldon",844.4580000000001
CS-12250,"Chris Selesnick",2696.7959999999994
CS-12355,"Christine Sundaresam",3202.1620000000003
CS-12400,"Christopher Schild",3651.8585000000007
CS-12460,"Chuck Sachs",550.6440000000001
CS-12490,"Cindy Schnelling",1070.3885
CS-12505,"Cindy Stewart",5690.054999999999
CT-11995,"Carol Triggs",3241.898000000001
CV-12295,"Christina VanderZanden",2830.6279999999997
CV-12805,"Cynthia Voltz",2370.3136
CW-11905,"Carl Weiss",1136.592
CY-12745,"Craig Yedwab",2900.026
DA-13450,"Dianna Arnett",123.86399999999999
DB-12910,"Daniel Byrd",2171.599
DB-12970,"Darren Budd",2839.2272000000003
DB-13060,"Dave Brooks",4265.294000000002
DB-13120,"David Bremer",2931.718
DB-13210,"Dean Braden",2204.829
DB-13270,"Deborah Brumfield",4621.656999999999
DB-13360,"Dennis Bolton",1081.466
DB-13405,"Denny Blanton",1702.5480000000002
DB-13555,"Dorothy Badders",3908.8028
DB-13615,"Doug Bickford",1989.05
DB-13660,"Duane Benoit",1155.2019999999998
DC-12850,"Dan Campbell",3336.1680000000006
DC-13285,"Debra Catini",1174.618
DD-13570,"Dorothy Dickinson",269.54200000000003
DE-13255,"Deanra Eno",1588.464
DF-13135,"David Flashing",2390.534
DG-13300,"Deirdre Greer",3195.818
DH-13075,"Dave Hallsten",4932.871999999999
DH-13675,"Duane Huffman",1043.096
DJ-13420,"Denny Joy",2012.5200000000002
DJ-13510,"Don Jones",2501.688
DJ-13630,"Doug Jacobs",3356.3979999999997
DK-12835,"Damala Kotsonis",3253.5340000000006
DK-12895,"Dana Kaydos",3943.0399999999995
DK-12985,"Darren Koutras",1687.04
DK-13090,"Dave Kipp",2650.557
DK-13150,"David Kendrick",797.832
DK-13225,"Dean Katz",4125.843999999999
DK-13375,"Dennis Kane",3318.4859999999994
DL-12865,"Dan Lawera",1490.818
DL-12925,"Daniel Lacy",3272.2000000000003
DL-13315,"Delfina Latchford",1446.0660000000003
DL-13330,"Denise Leinenbach",585.02
DL-13495,"Dionis Lloyd",3539.322
Dl-13600,"Dorris liebe",755.602
DM-12955,"Dario Medina",1322.034
DM-13015,"Darrin Martin",6247.372
DM-13345,"Denise Monton",4074.4720000000007
DM-13525,"Don Miller",1376.792
DN-13690,"Duane Noonan",2139.7900000000004
DO-13435,"Denny Ordway",1197.3115000000003
DO-13645,"Doug O'Connell",972.26
DP-13000,"Darren Powers",1034.188
DP-13105,"Dave Poirier",2164.89
DP-13165,"David Philippe",1058.616
Dp-13240,"Dean percer",7198.760999999999
DP-13390,"Dennis Pardue",5480.723999999999
DR-12880,"Dan Reichenbach",6247.205999999999
DR-12940,"Daniel Raglin",8350.868
DS-13030,"Darrin Sayre",1762.2130000000002
DS-13180,"David Smith",2881.8128
DV-13045,"Darrin Van Huff",1119.4830000000002
DV-13465,"Dianna Vittorini",3285.9870000000005
DW-13195,"David Wiener",1080.751
DW-13480,"Dianna Wilson",5256.848
DW-13540,"Don Weiss",344.08000000000004
DW-13585,"Dorothy Wardle",1204.854
EA-14035,"Erin Ashbrook",2660.8250000000007
EB-13705,"Ed Braxton",3448.2740000000003
EB-13750,"Edward Becker",3166.882
EB-13840,"Ellis Ballard",4344.508
EB-13870,"Emily Burns",2767.219
EB-13930,"Eric Barreto",944.6000000000001
EB-13975,"Erica Bern",1643.255
EB-14110,"Eugene Barchas",3071.1259999999997
EB-14170,"Evan Bailliet",1186.326
EC-14050,"Erin Creighton",461.914
ED-13885,"Emily Ducich",3484.92
EG-13900,"Emily Grady",1832.02
EH-13765,"Edward Hooks",10005.980000000001
EH-13945,"Eric Hoffmann",684.171
EH-13990,"Erica Hackney",780.27
EH-14005,"Erica Hernandez",1219.5299999999997
EH-14125,"Eugene Hildebrand",3013.1530000000002
EH-14185,"Evan Henry",910.186
EJ-13720,"Ed Jacobs",2162.174
EJ-14155,"Eva Jacobs",2656.691
EK-13795,"Eileen Kiefer",1303.478
EL-13735,"Ed Ludwig",124.28
EM-13810,"Eleni McCrary",2567.01
EM-13825,"Elizabeth Moffitt",2324.358
EM-13960,"Eric Murdock",933.704
EM-14065,"Erin Mull",228.99
EM-14095,"Eudokia Martin",1041.042
EM-14140,"Eugene Moren",4438.331999999999
EM-14200,"Evan Minnotte",366.822
EN-13780,"Edward Nazzal",2138.246
EP-13915,"Emily Phan",5478.0608
ER-13855,"Elpida Rittenbach",1245.788
ES-14020,"Erica Smith",3510.4579999999996
ES-14080,"Erin Smith",4648.516
FA-14230,"Frank Atkinson",2984.053999999999
FC-14245,"Frank Carlisle",3414.678
FC-14335,"Fred Chung",3865.845999999999
FG-14260,"Frank Gastineau",1383.1440000000002
FH-14275,"Frank Hawley",4190.704
FH-14350,"Fred Harton",2271.284
FH-14365,"Fred Hopkins",6683.659999999999
FM-14215,"Filia McAdams",2374.27
FM-14290,"Frank Merwin",3736.1979999999994
FM-14380,"Fred McMath",2523.2659999999996
FO-14305,"Frank Olsen",2622.838
FP-14320,"Frank Preis",4046.7460000000005
FW-14395,"Fred Wasserman",79.75
GA-14515,"George Ashbrook",3919.7760000000003
GA-14725,"Guy Armstrong",975.566
GB-14530,"George Bell",1356.48
GB-14575,"Giulietta Baptist",4594.328
GD-14590,"Giulietta Dortch",1888.0700000000002
GG-14650,"Greg Guthrie",2216.0080000000007
GH-14410,"Gary Hansen",2807.7070000000003
GH-14425,"Gary Hwang",3925.742
GH-14485,"Gene Hale",1361.2440000000001
GH-14665,"Greg Hansen",146.94080000000002
GK-14620,"Grace Kelly",6497.27
GM-14440,"Gary McGarr",3582.8199999999997
GM-14455,"Gary Mitchum",3078.6240000000003
GM-14500,"Gene McClure",1255.6819999999998
GM-14680,"Greg Matthias",3163.628
GM-14695,"Greg Maxwell",6049.966000000002
GP-14740,"Guy Phonely",221.79999999999998
GR-14560,"Georgia Rosenberg",1284.38
GT-14635,"Grant Thornton",9351.211999999998
GT-14710,"Greg Tran",11820.119999999997
GT-14755,"Guy Thornton",226.43599999999998
GW-14605,"Giulietta Weimer",2189.0190000000007
GZ-14470,"Gary Zandusky",4355.15
GZ-14545,"George Zrebassa",2454.6220000000003
HA-14905,"Helen Abelman",2163.3
HA-14920,"Helen Andreada",2584.1580000000004
HD-14785,"Harold Dahlen",251.36
HE-14800,"Harold Engle",883.5320000000002
HF-14995,"Herbert Flentye",2533.164
HG-14845,"Harry Greene",785.628
HG-14965,"Henry Goldwyn",3184.1739999999995
HG-15025,"Hunter Glantz",3690.284
HH-15010,"Hilary Holden",188.108
HJ-14875,"Heather Jas",358.1
HK-14890,"Heather Kirkland",4877.784
HL-15040,"Hunter Lopez",12873.297999999999
HM-14860,"Harry Marie",8148.844800000002
HM-14980,"Henry MacAllister",736.276
HP-14815,"Harold Pawlan",1990.314
HR-14770,"Hallie Redmond",1299.2879999999998
HR-14830,"Harold Ryan",5248.786999999999
HW-14935,"Helen Wasserman",9300.253999999997
HZ-14950,"Henia Zydlo",886.5199999999999
IG-15085,"Ivan Gibson",744.574
IL-15100,"Ivan Liston",5040.736
IM-15055,"Ionia McGrath",2848.36
IM-15070,"Irene Maddox",4930.473999999999
JA-15970,"Joseph Airdo",6475.474000000001
JB-15400,"Jennifer Braxton",1791.605
JB-15925,"Joni Blumstein",900.552
JB-16000,"Joy Bell-",644.1188
JB-16045,"Julia Barnett",1841.651
JC-15340,"Jasper Cacioppo",67.335
JC-15385,"Jenna Caffey",859.648
JC-15775,"John Castell",2772.0550000000007
JC-16105,"Julie Creighton",858.576
JD-15790,"John Dryer",2152.3520000000003
JD-15895,"Jonathan Doherty",6456.456
JD-16015,"Joy Daniels",385.43
JD-16060,"Julia Dunbar",695.4420000000001
JD-16150,"Justin Deggeller",8828.030499999999
JE-15475,"Jeremy Ellison",1388.682
JE-15610,"Jim Epp",7754.976
JE-15715,"Joe Elijah",8672.163
JE-15745,"Joel Eaton",6400.454999999999
JE-16165,"Justin Ellison",2697.248
JF-15190,"Jamie Frazer",2279.5860000000002
JF-15295,"Jason Fortune-",955.124
JF-15355,"Jay Fein",1911.844
JF-15415,"Jennifer Ferguson",2371.448
JF-15490,"Jeremy Farry",1082.918
JF-15565,"Jill Fjeld",4198.332
JG-15115,"Jack Garza",2358.676
JG-15160,"James Galang",6366.391999999999
JG-15310,"Jason Gross",2197.7960000000003
JG-15805,"John Grady",1507.0180000000003
JH-15430,"Jennifer Halladay",276.385
JH-15820,"John Huston",528.9100000000001
JH-15910,"Jonathan Howell",959.4770000000002
JH-15985,"Joseph Holt",7954.998
JH-16180,"Justin Hirsh",2256.3940000000002
JJ-15445,"Jennifer Jackson",709.1780000000001
JJ-15760,"Joel Jenkins",195
JK-15205,"Jamie Kunitz",4278.17
JK-15325,"Jason Klamczynski",383.812
JK-15370,"Jay Kimmel",2709.632
JK-15625,"Jim Karlsson",3760.028
JK-15640,"Jim Kriz",4752.442000000001
JK-15730,"Joe Kamberova",4769.900000000001
JK-16090,"Juliana Krohn",3747.6680000000006
JK-16120,"Julie Kriz",2932.4840000000004
JL-15130,"Jack Lebron",1214.9560000000001
JL-15175,"James Lanier",1571.523
JL-15235,"Janet Lee",2203.7
JL-15505,"Jeremy Lonsdale",3142.746
JL-15835,"John Lee",9403.003
JL-15850,"John Lucas",2725.2560000000003
JM-15250,"Janet Martin",3145.3740000000003
JM-15265,"Janet Molinari",1804.1460000000002
JM-15535,"Jessica Myrick",1733.4430000000002
JM-15580,"Jill Matthias",303.948
JM-15655,"Jim Mitchum",864.9470000000001
JM-15865,"John Murray",7625.076000000002
JM-16195,"Justin MacKendrick",2833.9260000000004
JO-15145,"Jack O'Briant",3254.9490000000005
JO-15280,"Jas O'Carroll",1911.5520000000001
JO-15550,"Jesus Ocampo",1088.358
JP-15460,"Jennifer Patt",1653.5830000000003
JP-15520,"Jeremy Pistek",3572.9440000000004
JP-16135,"Julie Prescott",1707.7099999999998
JR-15670,"Jim Radford",1156.658
JR-15700,"Jocasta Rupert",863.88
JR-16210,"Justin Ritter",2201.6859999999997
JS-15595,"Jill Stevenson",1181.734
JS-15685,"Jim Sink",1131.0639999999999
JS-15880,"John Stevenson",3868.02
JS-15940,"Joni Sundaresam",469.169
JS-16030,"Joy Smith",2516.4939999999997
JW-15220,"Jane Waco",7721.714
JW-15955,"Joni Wasserman",1244.086
JW-16075,"Julia West",1428.731
KA-16525,"Kelly Andreada",1519.506
KB-16240,"Karen Bern",3152.615
KB-16315,"Karl Braun",1569.4640000000002
KB-16405,"Katrina Bavinger",908.8209999999999
KB-16585,"Ken Black",2742.7580000000003
KB-16600,"Ken Brennan",974.214
KC-16255,"Karen Carlisle",2103.8340000000003
KC-16540,"Kelly Collister",3908.2619999999997
KC-16675,"Kimberly Carter",1146.0500000000002
KD-16270,"Karen Daniels",8282.358
KD-16345,"Katherine Ducich",1888.964
KD-16495,"Keith Dawkins",8181.256
KD-16615,"Ken Dana",2243.5099999999998
KE-16420,"Katrina Edelman",1626.6832000000004
KF-16285,"Karen Ferguson",10604.266
KH-16330,"Katharine Harms",3312.864
KH-16360,"Katherine Hughes",3100.6119999999996
KH-16510,"Keith Herrera",5952.859000000002
KH-16630,"Ken Heidel",3918.966
KH-16690,"Kristen Hastings",5867.859
KL-16555,"Kelly Lampkin",4483.784
KL-16645,"Ken Lonsdale",14071.917
KM-16225,"Kalyca Meade",2134.248
KM-16375,"Katherine Murray",5609.746
KM-16660,"Khloe Miller",453.538
KM-16720,"Kunst Miller",4909.472000000001
KN-16390,"Katherine Nockton",2617.2720000000004
KN-16450,"Kean Nguyen",2171.962
KN-16705,"Kristina Nunn",2148.03
KS-16300,"Karen Seio",88.47200000000001
KT-16465,"Kean Takahito",3057.1
KT-16480,"Kean Thornton",4642.088400000001
KW-16435,"Katrina Willman",4416.52
KW-16570,"Kelly Williams",236.156
LA-16780,"Laura Armstrong",8631.521999999999
LB-16735,"Larry Blacks",50.188
LB-16795,"Laurel Beltran",4985.676
LC-16870,"Lena Cacioppo",2526.182
LC-16885,"Lena Creighton",7396.7739999999985
LC-16930,"Linda Cazamias",4481.162
LC-16960,"Lindsay Castell",3246.626
LC-17050,"Liz Carlisle",2064.504
LC-17140,"Logan Currie",2605.1120000000005
LD-16855,"Lela Donovan",5.304
LD-17005,"Lisa DeCherney",1961.934
LE-16810,"Laurel Elliston",1469.4500000000003
LF-17185,"Luke Foster",3930.509
LH-16750,"Larry Hughes",287.426
LH-16900,"Lena Hernandez",2295.3320000000003
LH-17020,"Lisa Hazard",318.239
LH-17155,"Logan Haushalter",1660.3049999999998
LL-16840,"Lauren Leatherbury",2741.204
LM-17065,"Liz MacKendrick",1346.774
LO-17170,"Lori Olson",644.35
LP-17080,"Liz Pelletier",756.606
LP-17095,"Liz Preis",3653.3990000000003
LR-16915,"Lena Radford",5142.891999999999
LR-17035,"Lisa Ryan",1831.386
LS-16945,"Linda Southworth",2845.27
LS-16975,"Lindsay Shagiari",2988.674
LS-17200,"Luke Schmidt",998.032
LS-17230,"Lycoris Saunders",368.88
LS-17245,"Lynn Smith",1008.1359999999999
LT-16765,"Larry Tron",255.524
LT-17110,"Liz Thompson",2936.2519999999995
LW-16825,"Laurel Workman",2238.0609999999997
LW-16990,"Lindsay Williams",3230.308
LW-17125,"Liz Willingham",1259.04
LW-17215,"Luke Weiss",5420.513999999999
MA-17560,"Matt Abelman",4280.620999999999
MA-17995,"Michelle Arnett",2453.284
MB-17305,"Maria Bertelson",1427.3259999999996
MB-18085,"Mick Brown",1428.231
MC-17275,"Marc Crier",2723.036
MC-17425,"Mark Cousins",4432.138
MC-17575,"Matt Collins",925.5649999999999
MC-17590,"Matt Collister",2362.5069999999996
MC-17605,"Matt Connell",2258.192
MC-17635,"Matthew Clasen",795.1540000000001
MC-17845,"Michael Chen",3805.714000000001
MC-18100,"Mick Crebagga",2218.98
MC-18130,"Mike Caudle",1581.9979999999998
MD-17350,"Maribeth Dona",3766.382
MD-17860,"Michael Dominguez",1204.9099999999999
ME-17320,"Maria Etezadi",10635.917999999998
ME-17725,"Max Engle",1908.4532
ME-18010,"Michelle Ellison",1256.944
MF-17665,"Maureen Fritzler",937.039
MF-18250,"Monica Federle",1575.36
MG-17650,"Matthew Grinstein",3785.276
MG-17680,"Maureen Gastineau",2350.188
MG-17695,"Maureen Gnade",1342.282
MG-17875,"Michael Grace",1242.833
MG-17890,"Michael Granlund",776.384
MG-18145,"Mike Gockenbach",2890.591
MG-18205,"Mitch Gastineau",12.32
MH-17290,"Marc Harrigan",2381.7309999999998
MH-17440,"Mark Haberlin",358.146
MH-17455,"Mark Hamilton",2456.182
MH-17620,"Matt Hagelstein",1252.8
MH-17785,"Maya Herman",2203.7780000000002
MH-18025,"Michelle Huthwaite",2984.9480000000003
MH-18115,"Mick Hernandez",5503.092999999999
MJ-17740,"Max Jones",6282.226
MK-17905,"Michael Kennedy",2302.3680000000004
MK-18160,"Mike Kennedy",1031.6019999999999
ML-17395,"Marina Lichtenstein",2722.843
ML-17410,"Maris LaWare",2921.499999999999
ML-17755,"Max Ludwig",2071.914
ML-18040,"Michelle Lonsdale",681.242
ML-18265,"Muhammed Lee",162.232
MM-17260,"Magdelene Morse",1314.0230000000001
MM-17920,"Michael Moore",3794.08
MM-18055,"Michelle Moray",2749.881
MM-18280,"Muhammed MacIntyre",775.4140000000001
MN-17935,"Michael Nguyen",2469.0420000000004
MO-17500,"Mary O'Rourke",922.487
MO-17800,"Meg O'Connel",1396.3229999999999
MO-17950,"Michael Oakman",154.288
MP-17470,"Mark Packer",3206.132
MP-17965,"Michael Paige",3983.6420000000003
MP-18175,"Mike Pelletier",5087.92
MR-17545,"Mathew Reese",639.178
MS-17365,"Maribeth Schnelling",6848.31
MS-17530,"MaryBeth Skach",475.65599999999995
MS-17710,"Maurice Satty",1613.402
MS-17770,"Maxwell Schwartz",3138.5819999999994
MS-17830,"Melanie Seite",370.348
MS-17980,"Michael Stewart",855.1160000000001
MT-17815,"Meg Tillman",2890.139
MT-18070,"Michelle Tran",1319.4497999999999
MV-17485,"Mark Van Huff",1542.4099999999999
MV-18190,"Mike Vittorini",1734.5739999999998
MW-18220,"Mitch Webber",5341.9
MW-18235,"Mitch Willingham",5253.876
MY-17380,"Maribeth Yedwab",2242.6119999999996
MY-18295,"Muhammed Yedwab",4134.396000000001
MZ-17335,"Maria Zettner",424.038
MZ-17515,"Mary Zewe",2564.906
NB-18580,"Nicole Brennan",273.87199999999996
NB-18655,"Nona Balk",1972.599
NC-18340,"Nat Carroll",2461.404000000001
NC-18415,"Nathan Cano",2218.99
NC-18535,"Nick Crebassa",8241.739
NC-18625,"Noah Childs",1821.7420000000002
ND-18370,"Natalie DeCherney",4281.389
ND-18460,"Neil Ducich",2893.455
NF-18385,"Natalie Fritzler",8322.826000000001
NF-18475,"Neil Französisch",377.16200000000003
NF-18595,"Nicole Fjeld",2031.472
NG-18355,"Nat Gilpin",1869.58
NG-18430,"Nathan Gelder",1395.938
NH-18610,"Nicole Hansen",2673.2899999999995
NK-18490,"Neil Knudson",572.048
NL-18310,"Nancy Lomonaco",1418.0900000000001
NM-18445,"Nathan Mautz",6459.343999999999
NM-18520,"Neoma Murray",2123.347
NP-18325,"Naresj Patel",5529.62
NP-18670,"Nora Paige",3896.6420000000003
NP-18685,"Nora Pelletier",1228.698
NP-18700,"Nora Preis",7903.182500000001
NR-18550,"Nick Radford",2184.337
NS-18505,"Neola Schneider",2575.863
NS-18640,"Noel Staavos",2964.8229999999994
NW-18400,"Natalie Webber",7234.013999999999
NZ-18565,"Nick Zandusky",2488.31
ON-18715,"Odella Nelson",1567.52
OT-18730,"Olvera Toch",3818.6240000000003
PA-19060,"Pete Armstrong",729.408
PB-18805,"Patrick Bzostek",668.7560000000001
PB-19105,"Peter Bühler",688.324
PB-19150,"Philip Brown",1456.9499999999998
PB-19210,"Phillip Breyer",132.738
PC-18745,"Pamela Coakley",1832.064
PC-19000,"Pauline Chand",1061.488
PF-19120,"Peter Fuller",8980.496
PF-19165,"Philip Fox",2770
PF-19225,"Phillip Flathmann",2206.1279999999997
PG-18820,"Patrick Gardner",3086.907
PG-18895,"Paul Gonzalez",1987.1640000000002
PH-18790,"Patricia Hirasaki",729.648
PJ-18835,"Patrick Jones",1220.0900000000001
PJ-19015,"Pauline Johnson",1824.2340000000002
PK-18910,"Paul Knutson",1441.152
PK-19075,"Pete Kriz",8158.654
PL-18925,"Paul Lucas",239.48100000000002
PM-18940,"Paul MacIntyre",1405.402
PM-19135,"Peter McVee",4115.662
PN-18775,"Parhena Norris",1467.152
PO-18850,"Patrick O'Brill",7367.3342
PO-18865,"Patrick O'Donnell",2493.2140000000004
PO-19180,"Philisse Overcash",4893.043000000001
PO-19195,"Phillina Ober",1056.8580000000002
PP-18955,"Paul Prost",7075.920000000002
PR-18880,"Patrick Ryan",1840.1779999999997
PS-18760,"Pamela Stobb",2181.479
PS-18970,"Paul Stevenson",1278.6390000000001
PS-19045,"Penelope Sewall",6843.633999999999
PT-19090,"Pete Takahito",153.9
PV-18985,"Paul Van Hugh",2876.0460000000003
PW-19030,"Pauline Webber",3454.916
PW-19240,"Pierre Wener",3878.3149999999996
QJ-19255,"Quincy Jones",6108.338
RA-19285,"Ralph Arnett",2606.0820000000003
RA-19885,"Ruben Ausman",3832.3139999999994
RA-19915,"Russell Applegate",4781.367000000001
RA-19945,"Ryan Akin",1686.9225000000004
RB-19330,"Randy Bradley",1008.1959999999999
RB-19360,"Raymond Buch",15117.339
RB-19435,"Richard Bierner",2663.0860000000002
RB-19465,"Rick Bensley",4556.566000000002
RB-19570,"Rob Beeghly",476.802
RB-19645,"Robert Barroso",221.08399999999997
RB-19705,"Roger Barcio",2067.45
RB-19795,"Ross Baird",5633.315999999999
RC-19825,"Roy Collins",966.4089999999999
RC-19960,"Ryan Crowe",850.192
RD-19480,"Rick Duston",3743.03
RD-19585,"Rob Dowd",2912.8940000000002
RD-19660,"Robert Dilbeck",2786.6319999999996
RD-19720,"Roger Demir",1419.7370000000003
RD-19810,"Ross DeVincentis",1137.6159999999998
RD-19900,"Ruben Dartt",3133.9239999999995
RD-19930,"Russell D'Ascenzo",970.9420000000001
RE-19405,"Ricardo Emerson",48.36
RE-19450,"Richard Eichhorn",815.152
RF-19345,"Randy Ferguson",3309.1500000000005
RF-19735,"Roland Fjeld",2341.2960000000003
RF-19840,"Roy Französisch",915.662
RH-19495,"Rick Hansen",3621.3759999999997
RH-19510,"Rick Huthwaite",6962.14
RH-19555,"Ritsa Hightower",740.382
RH-19600,"Rob Haberlin",2085.7400000000002
RK-19300,"Ralph Kennedy",1448.0000000000002
RL-19615,"Rob Lucas",6234.909999999999
RM-19375,"Raymond Messe",1453.474
RM-19675,"Robert Marley",5967.736
RM-19750,"Roland Murray",98.35
RO-19780,"Rose O'Brian",3815.478
RP-19270,"Rachel Payne",954.6451999999999
RP-19390,"Resi Pölking",5142.139999999999
RP-19855,"Roy Phan",2170.716000000001
RR-19315,"Ralph Ritter",615.932
RR-19525,"Rick Reed",3302.262
RS-19420,"Ricardo Sperren",3221.29
RS-19765,"Roland Schwarz",3831.93
RS-19870,"Roy Skaria",22.328
RW-19540,"Rick Wilson",7397.401000000001
RW-19630,"Rob Williams",3273.6499999999996
RW-19690,"Robert Waldorf",3495.646
SA-20830,"Sue Ann Reed",4708.525500000001
SB-20170,"Sarah Bern",1323.432
SB-20185,"Sarah Brown",6410.995999999999
SB-20290,"Sean Braxton",8057.890999999999
SC-20020,"Sam Craven",3362.9635999999996
SC-20050,"Sample Company A",4624.572000000001
SC-20095,"Sanjit Chand",14142.333999999999
SC-20230,"Scot Coram",4371.9580000000005
SC-20260,"Scott Cohen",3729.7929999999997
SC-20305,"Sean Christensen",3971.0639999999994
SC-20380,"Shahid Collister",5894.183999999999
SC-20440,"Shaun Chance",1874.998
SC-20575,"Sonia Cooley",902.7280000000001
SC-20680,"Steve Carroll",1254.64
SC-20695,"Steve Chapman",2576.408
SC-20725,"Steven Cartwright",5226.209999999998
SC-20770,"Stewart Carmichael",4492.656999999999
SC-20800,"Stuart Calhoun",279.256
SC-20845,"Sung Chung",280.632
SD-20485,"Shirley Daniels",5920.258
SE-20110,"Sanjit Engle",12209.438000000002
SF-20065,"Sandra Flanagan",763.5459999999998
SF-20200,"Sarah Foster",3422.785999999999
SF-20965,"Sylvia Foulston",3306.871
SG-20080,"Sandra Glassco",3406.581
SG-20470,"Sheri Gordon",1884.7980000000002
SG-20605,"Speros Goranitis",3116.9760000000006
SG-20890,"Susan Gilcrest",41.072
SH-19975,"Sally Hughsby",2774.2394999999997
SH-20395,"Shahid Hopkins",2180.718
SH-20635,"Stefanie Holloman",2096.392
SJ-20125,"Sanjit Jacobs",3777.8799999999997
SJ-20215,"Sarah Jordon",1339.072
SJ-20500,"Shirley Jackson",1190.3759999999997
SK-19990,"Sally Knutson",883.409
SL-20155,"Sara Luxemburg",3053.012000000001
SM-20005,"Sally Matthias",233.134
SM-20320,"Sean Miller",25043.05
SM-20905,"Susan MacKendrick",1043.0410000000002
SM-20950,"Suzanne McNair",5563.392
SN-20560,"Skye Norling",1860.418
SN-20710,"Steve Nguyen",3127.9592000000007
SO-20335,"Sean O'Donnell",2602.575500000001
SP-20545,"Sibella Parks",1306.0859999999998
SP-20620,"Stefania Perrino",5440.319
SP-20650,"Stephanie Phelps",1598.516
SP-20860,"Sung Pak",4028.588
SP-20920,"Susan Pistek",3990.6890000000003
SR-20425,"Sharelle Roach",3233.481
SR-20740,"Steven Roelle",4345.8859999999995
SS-20140,"Saphhira Shifley",1289.548
SS-20410,"Shahid Shariari",3056.807
SS-20515,"Shirley Schmidt",613.4000000000001
SS-20590,"Sonia Sunley",418.49
SS-20875,"Sung Shariari",883.22
ST-20530,"Shui Tom",433.34
SU-20665,"Stephanie Ulpright",2595.3640000000005
SV-20365,"Seth Vernon",11420.645999999997
SV-20785,"Stewart Visinsky",4105.305
SV-20815,"Stuart Van",1271.0900000000004
SV-20935,"Susan Vittorini",1903.491
SW-20245,"Scot Wooten",925.1980000000001
SW-20275,"Scott Williamson",1966.65
SW-20350,"Sean Wendt",1019.0439999999998
SW-20455,"Shaun Weien",2921.544
SW-20755,"Steven Ward",758.696
SZ-20035,"Sam Zeldin",3592.433
TA-21385,"Tom Ashbrook",14595.62
TB-21055,"Ted Butterfield",1467.881
TB-21175,"Thomas Boland",3579.024
TB-21190,"Thomas Brumley",816.174
TB-21250,"Tim Brockman",1569.5919999999999
TB-21280,"Toby Braunhardt",2198.45
TB-21355,"Todd Boyes",822.136
TB-21400,"Tom Boeckenhauer",9012.741999999998
TB-21520,"Tracy Blumstein",4730.628
TB-21595,"Troy Blackwell",1387.559
TB-21625,"Trudy Brown",2797.668
TC-20980,"Tamara Chand",19017.847999999998
TC-21145,"Theresa Coyne",1038.26
TC-21295,"Toby Carlisle",4261.852
TC-21475,"Tony Chapman",1103.0159999999998
TC-21535,"Tracy Collins",692.518
TD-20995,"Tamara Dahlen",1434.5480000000002
TG-21310,"Toby Gnade",3058.3720000000003
TG-21640,"Trudy Glocke",2074.661
TH-21100,"Thea Hendricks",2422.824
TH-21115,"Thea Hudgings",2942.772
TH-21235,"Tiffany House",1022.2010000000001
TH-21550,"Tracy Hopkins",4229.5560000000005
TM-21010,"Tamara Manning",2953.986
TM-21490,"Tony Molinari",1094.6779999999999
TN-21040,"Tanja Norvell",3130.221
TP-21130,"Theone Pippenger",4454.056
TP-21415,"Tom Prescott",5329.0048
TP-21565,"Tracy Poddar",1936.6399999999996
TR-21325,"Toby Ritter",645.072
TS-21085,"Thais Sissman",4.833
TS-21160,"Theresa Swint",1568.244
TS-21205,"Thomas Seio",5371.09
TS-21340,"Toby Swindell",971.7339999999999
TS-21370,"Todd Sumrall",11885.871
TS-21430,"Tom Stivers",2054.14
TS-21505,"Tony Sayre",2243.274
TS-21610,"Troy Staebel",2801.8840000000005
TS-21655,"Trudy Schmidt",3368.093999999999
TT-21070,"Ted Trevino",4915.602
TT-21220,"Thomas Thornton",1427.044
TT-21265,"Tim Taslimi",439.5
TT-21460,"Tonja Turnell",5364.808000000001
TW-21025,"Tamara Willingham",5164.626
TZ-21580,"Tracy Zic",1707.2860000000003
VB-21745,"Victoria Brennan",2005.5959999999998
VD-21670,"Valerie Dominguez",6283.354
VF-21715,"Vicky Freymann",819.784
VG-21790,"Vivek Gonzalez",694.2900000000001
VG-21805,"Vivek Grady",427.372
VM-21685,"Valerie Mitchum",2454.866
VM-21835,"Vivian Mathis",380.69
VP-21730,"Victor Preis",993.9019999999999
VP-21760,"Victoria Pisteka",3193.6059999999998
VS-21820,"Vivek Sundaresam",1055.9809999999998
VT-21700,"Valerie Takahito",1736.596
VW-21775,"Victoria Wilson",6112.702
WB-21850,"William Brown",6024.81
XP-21865,"Xylona Preis",2320.4080000000004
YC-21895,"Yoseph Carroll",5454.35
YS-21880,"Yana Sorensen",6654.503999999999
ZC-21910,"Zuschuss Carroll",8021.135000000001
ZD-21925,"Zuschuss Donatelli",1493.944
